{
	"settings": {
		"appearanceTools": true,
		"color": {
			"palette": [
				{
					"color": "#120709",
					"name": "Base",
					"slug": "base"
				},
				{
					"color": "#e0d2e8",
					"name": "Contrast",
					"slug": "contrast"
				},
				{
					"color": "#ffffff",
					"name": "Primary",
					"slug": "primary"
				}
			]
		},
		"layout": {
			"contentSize": "400px",
			"wideSize": "524px"
		},
		"spacing": {
			"spacingSizes": [
				{
					"name": "1",
					"size": "0.5rem",
					"slug": "30"
				},
				{
					"name": "2",
					"size": "1.0rem",
					"slug": "40"
				},
				{
					"name": "3",
					"size": "1.5rem",
					"slug": "50"
				},
				{
					"name": "4",
					"size": "3.0rem",
					"slug": "60"
				},
				{
					"name": "5",
					"size": "4.5rem",
					"slug": "70"
				},
				{
					"name": "6",
					"size": "6.0rem",
					"slug": "80"
				}
			],
			"units": [
				"%",
				"px",
				"em",
				"rem",
				"vh",
				"vw"
			]
		},
		"typography": {
			"fluid": true,
			"fontFamilies": [],
			"fontSizes": [
				{
					"fluid": false,
					"name": "Small",
					"size": "0.729rem",
					"slug": "small"
				},
				{
					"fluid": false,
					"name": "Medium",
					"size": "0.875rem",
					"slug": "medium"
				},
				{
					"fluid": false,
					"name": "Large",
					"size": "1.26rem",
					"slug": "large"
				},
				{
					"fluid": {
						"max": "1.814rem",
						"min": "1.512srem"
					},
					"name": "Extra Large",
					"size": "1.814rem",
					"slug": "x-large"
				}
			]
		},
		"useRootPaddingAwareAlignments": true
	},
	"styles": {
		"blocks": {
			"core/archives": {
				"elements": {
					"link": {
						":hover": {
							"typography": {
								"textDecoration": "underline"
							}
						},
						"typography": {
							"textDecoration": "none"
						}
					}
				},
				"spacing": {
					"padding": {
						"left": "var:preset|spacing|40"
					}
				}
			},
			"core/avatar": {
				"border": {
					"radius": "999px"
				}
			},
			"core/button": {
				"border": {
					"radius": "999px"
				},
				"spacing": {
					"padding": {
						"bottom": "10px",
						"left": "24px",
						"right": "24px",
						"top": "10px"
					}
				},
				"variations": {
					"outline": {
						"spacing": {
							"padding": {
								"bottom": "8px",
								"left": "22px",
								"right": "22px",
								"top": "8px"
							}
						}
					}
				}
			},
			"core/buttons": {
				"spacing": {
					"blockGap": "var:preset|spacing|40"
				}
			},
			"core/categories": {
				"elements": {
					"link": {
						":hover": {
							"typography": {
								"textDecoration": "underline"
							}
						},
						"typography": {
							"textDecoration": "none"
						}
					}
				},
				"spacing": {
					"padding": {
						"left": "var:preset|spacing|40"
					}
				}
			},
			"core/code": {
				"border": {
					"color": "var(--wp--preset--color--contrast)",
					"radius": "0",
					"style": "solid",
					"width": "1px"
				},
				"spacing": {
					"padding": {
						"bottom": "var(--wp--preset--spacing--40)",
						"left": "var(--wp--preset--spacing--40)",
						"right": "var(--wp--preset--spacing--40)",
						"top": "var(--wp--preset--spacing--40)"
					}
				},
				"typography": {
					"fontFamily": "monospace"
				}
			},
			"core/comment-author-name": {
				"elements": {
					"link": {
						":hover": {
							"typography": {
								"textDecoration": "underline"
							}
						},
						"typography": {
							"textDecoration": "none"
						}
					}
				}
			},
			"core/comment-date": {
				"elements": {
					"link": {
						":hover": {
							"typography": {
								"textDecoration": "underline"
							}
						},
						"typography": {
							"textDecoration": "none"
						}
					}
				}
			},
			"core/comment-edit-link": {
				"elements": {
					"link": {
						":hover": {
							"typography": {
								"textDecoration": "underline"
							}
						},
						"typography": {
							"textDecoration": "none"
						}
					}
				}
			},
			"core/comment-reply-link": {
				"elements": {
					"link": {
						":hover": {
							"typography": {
								"textDecoration": "underline"
							}
						},
						"typography": {
							"textDecoration": "none"
						}
					}
				}
			},
			"core/comments-pagination": {
				"elements": {
					"link": {
						":hover": {
							"typography": {
								"textDecoration": "underline"
							}
						},
						"typography": {
							"textDecoration": "none"
						}
					}
				}
			},
			"core/comments-title": {
				"spacing": {
					"margin": {
						"top": "0px",
						"bottom": "var(--wp--preset--spacing--50)"
					}
				},
				"typography": {
					"fontSize": "var(--wp--preset--font-size--large)"
				}
			},
			"core/cover": {
				"spacing": {
					"padding": {
						"bottom": "var(--wp--preset--spacing--50)",
						"left": "var(--wp--preset--spacing--50)",
						"right": "var(--wp--preset--spacing--50)",
						"top": "var(--wp--preset--spacing--50)"
					}
				}
			},
			"core/latest-comments": {
				"elements": {
					"link": {
						":hover": {
							"typography": {
								"textDecoration": "underline"
							}
						},
						"typography": {
							"textDecoration": "none"
						}
					}
				},
				"spacing": {
					"padding": {
						"left": "0px"
					}
				}
			},
			"core/latest-posts": {
				"elements": {
					"link": {
						":hover": {
							"typography": {
								"textDecoration": "underline"
							}
						},
						"typography": {
							"textDecoration": "none"
						}
					}
				}
			},
			"core/list": {
				"spacing": {
					"padding": {
						"left": "var(--wp--preset--spacing--40)"
					}
				}
			},
			"core/navigation": {
				"elements": {
					"link": {
						":hover": {
							"typography": {
								"textDecoration": "underline"
							}
						},
						"typography": {
							"textDecoration": "none"
						}
					}
				}
			},
			"core/page-list": {
				"elements": {
					"link": {
						":hover": {
							"typography": {
								"textDecoration": "underline"
							}
						},
						"typography": {
							"textDecoration": "none"
						}
					}
				}
			},
			"core/paragraph": {
				"typography": {
					"lineHeight": "calc(1em + 0.375rem)"
				}
			},
			"core/post-author": {
				"elements": {
					"link": {
						":hover": {
							"typography": {
								"textDecoration": "underline"
							}
						},
						"typography": {
							"textDecoration": "none"
						}
					}
				}
			},
			"core/post-author-name": {
				"elements": {
					"link": {
						":hover": {
							"typography": {
								"textDecoration": "underline"
							}
						},
						"typography": {
							"textDecoration": "none"
						}
					}
				}
			},
			"core/post-date": {
				"elements": {
					"link": {
						":hover": {
							"typography": {
								"textDecoration": "underline"
							}
						},
						"typography": {
							"textDecoration": "none"
						}
					}
				}
			},
			"core/post-navigation-link": {
				"elements": {
					"link": {
						":hover": {
							"typography": {
								"textDecoration": "underline"
							}
						},
						"typography": {
							"textDecoration": "none"
						}
					}
				}
			},
			"core/post-terms": {
				"elements": {
					"link": {
						":hover": {
							"typography": {
								"textDecoration": "underline"
							}
						},
						"typography": {
							"textDecoration": "none"
						}
					}
				}
			},
			"core/post-title": {
				"elements": {
					"link": {
						":hover": {
							"typography": {
								"textDecoration": "underline"
							}
						},
						"typography": {
							"textDecoration": "none"
						}
					}
				},
				"spacing": {
					"margin": {
						"bottom": "0"
					}
				},
				"typography": {
					"fontSize": "var(--wp--preset--font-size--large)"
				}
			},
			"core/pullquote": {
				"border": {
					"color": "var(--wp--preset--color--contrast)",
					"style": "solid",
					"width": "1px 0"
				},
				"spacing": {
					"padding": {
						"bottom": "var(--wp--preset--spacing--40)",
						"left": "var(--wp--preset--spacing--40)",
						"right": "var(--wp--preset--spacing--40)",
						"top": "var(--wp--preset--spacing--40)"
					}
				},
				"typography": {
					"fontSize": "var(--wp--preset--font-size--medium)",
					"fontStyle": "italic"
				}
			},
			"core/quote": {
				"border": {
					"color": "var(--wp--preset--color--contrast)",
					"style": "solid",
					"width": "0 0 0 1px"
				},
				"spacing": {
					"padding": {
						"left": "var(--wp--preset--spacing--40)"
					}
				},
				"typography": {
					"fontStyle": "italic"
				}
			},
			"core/query-pagination": {
				"elements": {
					"link": {
						":hover": {
							"typography": {
								"textDecoration": "underline"
							}
						},
						"typography": {
							"textDecoration": "none"
						}
					}
				}
			},
			"core/search": {
				"typography": {
					"fontSize": "var(--wp--preset--font-size--medium)",
					"lineHeight": "1"
				}
			},
			"core/rss": {
				"elements": {
					"link": {
						":hover": {
							"typography": {
								"textDecoration": "underline"
							}
						},
						"typography": {
							"textDecoration": "none"
						}
					}
				}
			},
			"core/separator": {
				"border": {
					"color": "currentColor",
					"style": "solid",
					"width": "0 0 1px 0"
				},
				"color": {
					"text": "var(--wp--preset--color--contrast)"
				}
			},
			"core/site-title": {
				"color": {
					"text": "var(--wp--preset--color--contrast)"
				},
				"elements": {
					"link": {
						":hover": {
							"color": {
								"text": "var(--wp--preset--color--primary)"
							},
							"typography": {
								"textDecoration": "underline"
							}
						},
						"typography": {
							"fontWeight": "400",
							"textDecoration": "none"
						}
					}
				},
				"typography": {
					"fontSize": "var(--wp--preset--font-size--medium)"
				}
			},
			"core/social-links": {
				"spacing": {
					"blockGap": {
						"left": "var(--wp--preset--spacing--40)",
						"top": "var(--wp--preset--spacing--40)"
					}
				}
			},
			"core/table-of-contents": {
				"elements": {
					"link": {
						":hover": {
							"typography": {
								"textDecoration": "underline"
							}
						},
						"typography": {
							"textDecoration": "none"
						}
					}
				},
				"typography": {
					"fontSize": "var:preset|font-size|medium"
				}
			}
		},
		"color": {
			"background": "var(--wp--preset--color--base)",
			"text": "var(--wp--preset--color--contrast)"
		},
		"elements": {
			"button": {
				":active": {
					"color": {
						"background": "var(--wp--preset--color--primary)",
						"text": "var(--wp--preset--color--base)"
					}
				},
				":focus": {
					"color": {
						"background": "var(--wp--preset--color--contrast)",
						"text": "var(--wp--preset--color--base)"
					},
					"outline": {
						"color": "var(--wp--preset--color--primary)",
						"offset": "2px",
						"style": "dotted",
						"width": "1px"
					}
				},
				":hover": {
					"color": {
						"background": "var(--wp--preset--color--contrast)",
						"text": "var(--wp--preset--color--base)"
					}
				},
				"border": {
					"radius": "999px"
				},
				"color": {
					"background": "var(--wp--preset--color--primary)",
					"text": "var(--wp--preset--color--base)"
				},
				"spacing": {
					"padding": {
						"bottom": "10px",
						"left": "24px",
						"right": "24px",
						"top": "10px"
					}
				},
				"typography": {
					"lineHeight": "1"
				}
			},
			"h1": {
				"typography": {
					"fontSize": "var(--wp--preset--font-size--x-large)"
				}
			},
			"h2": {
				"typography": {
					"fontSize": "var(--wp--preset--font-size--large)"
				}
			},
			"h3": {
				"typography": {
					"fontSize": "var(--wp--preset--font-size--large)"
				}
			},
			"h4": {
				"typography": {
					"fontSize": "var(--wp--preset--font-size--medium)"
				}
			},
			"h5": {
				"typography": {
					"fontSize": "var(--wp--preset--font-size--medium)"
				}
			},
			"h6": {
				"typography": {
					"fontSize": "var(--wp--preset--font-size--small)"
				}
			},
			"heading": {
				"typography": {
					"fontWeight": "400",
					"lineHeight": "1.125"
				}
			},
			"link": {
				":hover": {
					"color": {
						"text": "var(--wp--preset--color--contrast)"
					},
					"typography": {
						"textDecoration": "none"
					}
				},
				"color": {
					"text": "var(--wp--preset--color--primary)"
				}
			}
		},
		"spacing": {
			"blockGap": "var(--wp--preset--spacing--50)",
			"padding": {
				"bottom": "var(--wp--preset--spacing--50)",
				"left": "var(--wp--preset--spacing--50)",
				"right": "var(--wp--preset--spacing--50)",
				"top": "var(--wp--preset--spacing--50)"
			}
		},
		"typography": {
			"fontSize": "var(--wp--preset--font-size--medium)",
			"lineHeight": "1.428571429"
		}
	},
	"templateParts": [
		{
			"area": "header",
			"name": "header"
		},
		{
			"area": "footer",
			"name": "footer"
		}
	],
	"version": 2,
	"$schema": "https://schemas.wp.org/trunk/theme.json"
}
